vertion,1
checkposition,1
FullName,Vaule1,value2,value3,value4
_var_begin
IN,,,,
IN_使能,,,,
_var_begin
IN_停止,,,,
_var_begin
IN_复位,,,,
_var_begin
IN_急停,,,,
var_1,,,,
_var_begin
IN_正向点动,,,,
_var_begin
IN,,,,
IN_,,,,
IN_反向点动,,,,
_var_begin
IN_点动速度,,,,
_var_begin
IN_回原命令,,,,
_var_begin
IN_绝对定位命令,,,,
_var_begin
IN_绝对定位位置,,,,
_var_begin
IN_绝对定位速度,,,,
_var_begin
IN_相对定位命令,,,,
_var_begin
IN_绝对定位位置_C,,,,
IN_相对定位位置,,,,
_var_begin
IN_绝对定位速度_C,,,,
IN_相对定位速度,,,,
_var_begin
IN_力矩定位命令,,,,
var_1,,,,
_var_begin
IN_力矩定位力,,,,
_var_begin
IN_力矩定位速度,,,,
_var_begin
IN_加速度,,,,
_var_begin
IN_减速度,,,,
_var_begin
IN_速度曲线类型,,,,
_var_begin
IN_运动超调,,,,
IN_运动超调命令,,,,
var_1,,,,
_var_begin
IN_速度超调值,,,,
var_1,,,,
_var_begin
IN_加速度超调值,,,,
var_2,,,,
_var_begin
IN_正,,,,
IN_正极限位信号,,,,
OUT_正极限位信号,,,,
_var_begin
OUT_正限位报警,,,,
var_2,,,,
_var_begin
IN_负极限位信号,,,,
IN_正极限位信号_C,,,,
OUT_负极限位信号,,,,
_var_begin
OUT_负限位报警,,,,
var_1,,,,
_var_begin
IN_原点信号,,,,
OUT_原点信号,,,,
_var_begin
IN_当前位置,,,,
OUT_当前位置,,,,
_var_begin
IN_当前速度,,,,
OUT_当前速度,,,,
_var_begin
IN_使能完成,,,,
OUT_使能完成,,,,
_var_begin
OUT_停止完成,,,,
var_1,,,,
_var_begin
IN_复位完成,,,,
OUT_复位完成,,,,
_var_begin
OUT_在当前绝对定位位置,,,,
_var_begin
OUT_当前转矩,,,,
_var_begin
OUT_驱动器故障码,,,,
_var_begin
OUT_驱动器报警,,,,
_var_begin
OUT_轴故障码,,,,
_var_begin
OUT_轴故障中,,,,
_var_begin
FB执行错误,,,,
OUT_FB执行错误,,,,
_var_begin
OUT_相对定位执行中,,,,
_var_begin
OUT_相对定位完成保持,,,,
OUT_相对定位执行错误,,,,
_var_begin
OUT_相对定位完成,,,,
_var_begin
OUT_绝对定位执行中,,,,
OUT_相对定位执行中_C,,,,
_var_begin
OUT_绝对定位完成保持,,,,
OUT_相对定位完成保持_C,,,,
_var_begin
OUT_绝对定位完成,,,,
OUT_相对定位完成_C,,,,
_var_begin
OUT_回原执行中,,,,
OUT_相对定位执行中_C,,,,
_var_begin
OUT_回原完成保持,,,,
OUT_相对定位完成保持_C,,,,
_var_begin
OUT_回原完成,,,,
OUT_相对定位完成_C,,,,
_var_begin
OUT_点动运行中,,,,
_var_begin
OUT_急停完成,,,,
_var_begin
OUT_急停错误,,,,
_var_begin
OUT_,,,,
OUT_运动超调有效,,,,
_var_begin
OUT_运动超调忙,,,,
_var_begin
OUT_运动超调故障,,,,
_var_begin
OUT_去使能状态,,,,
_var_begin
OUT_,,,,
OUT_使能非运行,,,,
_var_begin
OUT_恒速运动,,,,
_var_begin
OUT_加速运动,,,,
_var_begin
OUT_减速运动,,,,
_var_begin
测试,,,,
轴参数更新,,,,
_var_begin
测试参数,,,,
轴参数号,,,,
轴惨数号,,,,
_var_begin
测试状态,,,,
_var_begin
测试进行,,,,
_var_begin
测试故障,,,,
_var_begin
测试id,,,,
