Time(s),StepIndex,C0_LocalTx,C0_LocalTy,C0_RzDeg,C1_LocalTx,C1_LocalTy,C1_RzDeg,C2_LocalTx,C2_LocalTy,C2_RzDeg,C3_LocalTx,C3_LocalTy,C3_RzDeg,C4_LocalTx,C4_LocalTy,C4_RzDeg,C5_LocalTx,C5_LocalTy,C5_RzDeg,C6_LocalTx,C6_LocalTy,C6_RzDeg
0.000000,0,0.000000,0.000000,0.000000,0.000000,0.000000,0.000000,0.000000,0.000000,0.000000,0.000000,0.000000,0.000000,0.000000,0.000000,0.000000,0.000000,0.000000,0.000000,0.000000,0.000000,0.000000
0.033333,1,-0.071011,-0.105903,0.013202,-0.047950,-0.134797,0.017260,0.010423,-0.034050,0.003668,0.043971,-0.054887,0.015946,-0.011100,-0.017555,0.004828,-0.065911,0.037436,0.018158,0.000000,0.000000,0.000000
0.066667,2,-0.142023,-0.211806,0.026404,-0.095901,-0.269594,0.034521,0.020846,-0.068100,0.007335,0.087943,-0.109774,0.031891,-0.022200,-0.035110,0.009655,-0.131821,0.074873,0.036316,0.000000,0.000000,0.000000
0.100000,3,-0.213034,-0.317709,0.039606,-0.143851,-0.404392,0.051781,0.031269,-0.102151,0.011003,0.131914,-0.164662,0.047837,-0.033300,-0.052665,0.014483,-0.197732,0.112309,0.054474,0.000000,0.000000,0.000000
0.133333,4,-0.284046,-0.423611,0.052808,-0.191802,-0.539189,0.069041,0.041692,-0.136201,0.014670,0.175885,-0.219549,0.063782,-0.044400,-0.070221,0.019311,-0.263643,0.149746,0.072632,0.000000,0.000000,0.000000
0.166667,5,-0.355057,-0.529514,0.066010,-0.239752,-0.673986,0.086302,0.052115,-0.170251,0.018338,0.219856,-0.274436,0.079728,-0.055500,-0.087776,0.024139,-0.329553,0.187182,0.090791,0.000000,0.000000,0.000000
0.200000,6,-0.426069,-0.635417,0.079212,-0.287703,-0.808783,0.103562,0.062538,-0.204301,0.022005,0.263828,-0.329323,0.095674,-0.066601,-0.105331,0.028966,-0.395464,0.224619,0.108949,0.000000,0.000000,0.000000
0.233333,7,-0.497080,-0.741320,0.092413,-0.335653,-0.943581,0.120822,0.072961,-0.238351,0.025673,0.307799,-0.384210,0.111619,-0.077701,-0.122886,0.033794,-0.461374,0.262055,0.127107,0.000000,0.000000,0.000000
0.266667,8,-0.568091,-0.847223,0.105615,-0.383604,-1.078378,0.138083,0.083384,-0.272402,0.029340,0.351770,-0.439098,0.127565,-0.088801,-0.140441,0.038622,-0.527285,0.299492,0.145265,0.000000,0.000000,0.000000
0.300000,9,-0.639103,-0.953126,0.118817,-0.431554,-1.213175,0.155343,0.093807,-0.306452,0.033008,0.395742,-0.493985,0.143511,-0.099901,-0.157996,0.043450,-0.593196,0.336928,0.163423,0.000000,0.000000,0.000000
0.333333,10,-0.710114,-1.059029,0.132019,-0.479504,-1.347972,0.172603,0.104230,-0.340502,0.036675,0.439713,-0.548872,0.159456,-0.111001,-0.175551,0.048277,-0.659106,0.374365,0.181581,0.000000,0.000000,0.000000
0.366667,11,-0.781126,-1.164931,0.145221,-0.527455,-1.482770,0.189864,0.114653,-0.374552,0.040343,0.483684,-0.603759,0.175402,-0.122101,-0.193107,0.053105,-0.725017,0.411801,0.199739,0.000000,0.000000,0.000000
0.400000,12,-0.852137,-1.270834,0.158423,-0.575405,-1.617567,0.207124,0.125076,-0.408602,0.044010,0.527655,-0.658646,0.191347,-0.133201,-0.210662,0.057933,-0.790928,0.449238,0.217897,0.000000,0.000000,0.000000
0.433333,13,-0.923149,-1.376737,0.171625,-0.623356,-1.752364,0.224384,0.135499,-0.442653,0.047678,0.571627,-0.713534,0.207293,-0.144301,-0.228217,0.062761,-0.856838,0.486674,0.236056,0.000000,0.000000,0.000000
0.466667,14,-0.994160,-1.482640,0.184827,-0.671306,-1.887161,0.241645,0.145923,-0.476703,0.051345,0.615598,-0.768421,0.223239,-0.155401,-0.245772,0.067588,-0.922749,0.524110,0.254214,0.000000,0.000000,0.000000
0.500000,15,-1.065171,-1.588543,0.198029,-0.719257,-2.021959,0.258905,0.156346,-0.510753,0.055013,0.659569,-0.823308,0.239184,-0.166501,-0.263327,0.072416,-0.988659,0.561547,0.272372,0.000000,0.000000,0.000000
0.533333,16,-1.136183,-1.694446,0.211231,-0.767207,-2.156756,0.276165,0.166769,-0.544803,0.058681,0.703541,-0.878195,0.255130,-0.177602,-0.280882,0.077244,-1.054570,0.598983,0.290530,0.000000,0.000000,0.000000
0.566667,17,-1.207194,-1.800348,0.224433,-0.815158,-2.291553,0.293426,0.177192,-0.578853,0.062348,0.747512,-0.933082,0.271076,-0.188702,-0.298438,0.082072,-1.120481,0.636420,0.308688,0.000000,0.000000,0.000000
0.600000,18,-1.278206,-1.906251,0.237635,-0.863108,-2.426350,0.310686,0.187615,-0.612904,0.066016,0.791483,-0.987970,0.287021,-0.199802,-0.315993,0.086899,-1.186391,0.673856,0.326846,0.000000,0.000000,0.000000
0.633333,19,-1.349217,-2.012154,0.250836,-0.911058,-2.561147,0.327946,0.198038,-0.646954,0.069683,0.835454,-1.042857,0.302967,-0.210902,-0.333548,0.091727,-1.252302,0.711293,0.345004,0.000000,0.000000,0.000000
0.666667,20,-1.420228,-2.118057,0.264038,-0.959009,-2.695945,0.345207,0.208461,-0.681004,0.073351,0.879426,-1.097744,0.318912,-0.222002,-0.351103,0.096555,-1.318213,0.748729,0.363162,0.000000,0.000000,0.000000
0.700000,21,-1.491240,-2.223960,0.277240,-1.006959,-2.830742,0.362467,0.218884,-0.715054,0.077018,0.923397,-1.152631,0.334858,-0.233102,-0.368658,0.101383,-1.384123,0.786166,0.381321,0.000000,0.000000,0.000000
0.733333,22,-1.562251,-2.329863,0.290442,-1.054910,-2.965539,0.379727,0.229307,-0.749104,0.080686,0.967368,-1.207518,0.350804,-0.244202,-0.386213,0.106210,-1.450034,0.823602,0.399479,0.000000,0.000000,0.000000
0.766667,23,-1.633263,-2.435766,0.303644,-1.102860,-3.100336,0.396988,0.239730,-0.783155,0.084353,1.011340,-1.262406,0.366749,-0.255302,-0.403768,0.111038,-1.515945,0.861039,0.417637,0.000000,0.000000,0.000000
0.800000,24,-1.704274,-2.541668,0.316846,-1.150811,-3.235134,0.414248,0.250153,-0.817205,0.088021,1.055311,-1.317293,0.382695,-0.266402,-0.421324,0.115866,-1.581855,0.898475,0.435795,0.000000,0.000000,0.000000
0.833333,25,-1.775286,-2.647571,0.330048,-1.198761,-3.369931,0.431508,0.260576,-0.851255,0.091688,1.099282,-1.372180,0.398641,-0.277502,-0.438879,0.120694,-1.647766,0.935911,0.453953,0.000000,0.000000,0.000000
0.866667,26,-1.846297,-2.753474,0.343250,-1.246712,-3.504728,0.448769,0.270999,-0.885305,0.095356,1.143253,-1.427067,0.414586,-0.288603,-0.456434,0.125521,-1.713676,0.973348,0.472111,0.000000,0.000000,0.000000
0.900000,27,-1.917308,-2.859377,0.356452,-1.294662,-3.639525,0.466029,0.281422,-0.919355,0.099023,1.187225,-1.481954,0.430532,-0.299703,-0.473989,0.130349,-1.779587,1.010784,0.490269,0.000000,0.000000,0.000000
0.933333,28,-1.988320,-2.965280,0.369654,-1.342613,-3.774323,0.483289,0.291845,-0.953406,0.102691,1.231196,-1.536842,0.446477,-0.310803,-0.491544,0.135177,-1.845498,1.048221,0.508427,0.000000,0.000000,0.000000
0.966667,29,-2.059331,-3.071183,0.382856,-1.390563,-3.909120,0.500549,0.302268,-0.987456,0.106359,1.275167,-1.591729,0.462423,-0.321903,-0.509099,0.140004,-1.911408,1.085657,0.526586,0.000000,0.000000,0.000000
1.000000,30,-2.130343,-3.177086,0.396058,-1.438513,-4.043917,0.517810,0.312691,-1.021506,0.110026,1.319139,-1.646616,0.478369,-0.333003,-0.526654,0.144832,-1.977319,1.123094,0.544744,0.000000,0.000000,0.000000
1.033333,31,-2.201354,-3.282988,0.409259,-1.486464,-4.178714,0.535070,0.323114,-1.055556,0.113694,1.363110,-1.701503,0.494314,-0.344103,-0.544210,0.149660,-2.043230,1.160530,0.562902,0.000000,0.000000,0.000000
1.066667,32,-2.272366,-3.388891,0.422461,-1.534414,-4.313512,0.552330,0.333537,-1.089606,0.117361,1.407081,-1.756390,0.510260,-0.355203,-0.561765,0.154488,-2.109140,1.197967,0.581060,0.000000,0.000000,0.000000
1.100000,33,-2.343377,-3.494794,0.435663,-1.582365,-4.448309,0.569591,0.343960,-1.123657,0.121029,1.451052,-1.811278,0.526206,-0.366303,-0.579320,0.159315,-2.175051,1.235403,0.599218,0.000000,0.000000,0.000000
1.133333,34,-2.414388,-3.600697,0.448865,-1.630315,-4.583106,0.586851,0.354383,-1.157707,0.124696,1.495024,-1.866165,0.542151,-0.377403,-0.596875,0.164143,-2.240962,1.272840,0.617376,0.000000,0.000000,0.000000
1.166667,35,-2.485400,-3.706600,0.462067,-1.678266,-4.717903,0.604111,0.364806,-1.191757,0.128364,1.538995,-1.921052,0.558097,-0.388503,-0.614430,0.168971,-2.306872,1.310276,0.635534,0.000000,0.000000,0.000000
1.200000,36,-2.556411,-3.812503,0.475269,-1.726216,-4.852700,0.621372,0.375229,-1.225807,0.132031,1.582966,-1.975939,0.574042,-0.399603,-0.631985,0.173799,-2.372783,1.347713,0.653692,0.000000,0.000000,0.000000
1.233333,37,-2.627423,-3.918406,0.488471,-1.774167,-4.987498,0.638632,0.385652,-1.259857,0.135699,1.626938,-2.030826,0.589988,-0.410704,-0.649540,0.178626,-2.438693,1.385149,0.671851,0.000000,0.000000,0.000000
1.266667,38,-2.698434,-4.024308,0.501673,-1.822117,-5.122295,0.655892,0.396075,-1.293907,0.139366,1.670909,-2.085714,0.605934,-0.421804,-0.667096,0.183454,-2.504604,1.422585,0.690009,0.000000,0.000000,0.000000
1.300000,39,-2.769446,-4.130211,0.514875,-1.870067,-5.257092,0.673153,0.406498,-1.327958,0.143034,1.714880,-2.140601,0.621879,-0.432904,-0.684651,0.188282,-2.570515,1.460022,0.708167,0.000000,0.000000,0.000000
1.333333,40,-2.840457,-4.236114,0.528077,-1.918018,-5.391889,0.690413,0.416922,-1.362008,0.146701,1.758851,-2.195488,0.637825,-0.444004,-0.702206,0.193110,-2.636425,1.497458,0.726325,0.000000,0.000000,0.000000
1.366667,41,-2.911468,-4.342017,0.541279,-1.965968,-5.526687,0.707673,0.427345,-1.396058,0.150369,1.802823,-2.250375,0.653771,-0.455104,-0.719761,0.197937,-2.702336,1.534895,0.744483,0.000000,0.000000,0.000000
1.400000,42,-2.982480,-4.447920,0.554481,-2.013919,-5.661484,0.724934,0.437768,-1.430108,0.154036,1.846794,-2.305262,0.669716,-0.466204,-0.737316,0.202765,-2.768247,1.572331,0.762641,0.000000,0.000000,0.000000
1.433333,43,-3.053491,-4.553823,0.567682,-2.061869,-5.796281,0.742194,0.448191,-1.464158,0.157704,1.890765,-2.360150,0.685662,-0.477304,-0.754871,0.207593,-2.834157,1.609768,0.780799,0.000000,0.000000,0.000000
1.466667,44,-3.124503,-4.659726,0.580884,-2.109820,-5.931078,0.759454,0.458614,-1.498209,0.161372,1.934737,-2.415037,0.701607,-0.488404,-0.772427,0.212421,-2.900068,1.647204,0.798957,0.000000,0.000000,0.000000
1.500000,45,-3.195514,-4.765628,0.594086,-2.157770,-6.065876,0.776715,0.469037,-1.532259,0.165039,1.978708,-2.469924,0.717553,-0.499504,-0.789982,0.217248,-2.965978,1.684641,0.817116,0.000000,0.000000,0.000000
1.533333,46,-3.266525,-4.871531,0.607288,-2.205721,-6.200673,0.793975,0.479460,-1.566309,0.168707,2.022679,-2.524811,0.733499,-0.510604,-0.807537,0.222076,-3.031889,1.722077,0.835274,0.000000,0.000000,0.000000
1.566667,47,-3.337537,-4.977434,0.620490,-2.253671,-6.335470,0.811235,0.489883,-1.600359,0.172374,2.066650,-2.579698,0.749444,-0.521705,-0.825092,0.226904,-3.097800,1.759514,0.853432,0.000000,0.000000,0.000000
1.600000,48,-3.408548,-5.083337,0.633692,-2.301621,-6.470267,0.828496,0.500306,-1.634409,0.176042,2.110622,-2.634586,0.765390,-0.532805,-0.842647,0.231732,-3.163710,1.796950,0.871590,0.000000,0.000000,0.000000
1.633333,49,-3.479560,-5.189240,0.646894,-2.349572,-6.605064,0.845756,0.510729,-1.668460,0.179709,2.154593,-2.689473,0.781336,-0.543905,-0.860202,0.236559,-3.229621,1.834386,0.889748,0.000000,0.000000,0.000000
1.666667,50,-3.550571,-5.295143,0.660096,-2.397522,-6.739862,0.863016,0.521152,-1.702510,0.183377,2.198564,-2.744360,0.797281,-0.555005,-0.877757,0.241387,-3.295532,1.871823,0.907906,0.000000,0.000000,0.000000
1.700000,51,-3.621583,-5.401045,0.673298,-2.445473,-6.874659,0.880277,0.531575,-1.736560,0.187044,2.242535,-2.799247,0.813227,-0.566105,-0.895313,0.246215,-3.361442,1.909259,0.926064,0.000000,0.000000,0.000000
1.733333,52,-3.692594,-5.506948,0.686500,-2.493423,-7.009456,0.897537,0.541998,-1.770610,0.190712,2.286507,-2.854134,0.829172,-0.577205,-0.912868,0.251043,-3.427353,1.946696,0.944222,0.000000,0.000000,0.000000
1.766667,53,-3.763605,-5.612851,0.699702,-2.541374,-7.144253,0.914797,0.552421,-1.804660,0.194379,2.330478,-2.909022,0.845118,-0.588305,-0.930423,0.255870,-3.493264,1.984132,0.962381,0.000000,0.000000,0.000000
1.800000,54,-3.834617,-5.718754,0.712904,-2.589324,-7.279051,0.932058,0.562844,-1.838711,0.198047,2.374449,-2.963909,0.861064,-0.599405,-0.947978,0.260698,-3.559174,2.021569,0.980539,0.000000,0.000000,0.000000
1.833333,55,-3.905628,-5.824657,0.726105,-2.637275,-7.413848,0.949318,0.573267,-1.872761,0.201714,2.418421,-3.018796,0.877009,-0.610505,-0.965533,0.265526,-3.625085,2.059005,0.998697,0.000000,0.000000,0.000000
1.866667,56,-3.976640,-5.930560,0.739307,-2.685225,-7.548645,0.966578,0.583690,-1.906811,0.205382,2.462392,-3.073683,0.892955,-0.621605,-0.983088,0.270353,-3.690995,2.096442,1.016855,0.000000,0.000000,0.000000
1.900000,57,-4.047651,-6.036463,0.752509,-2.733175,-7.683442,0.983839,0.594113,-1.940861,0.209049,2.506363,-3.128570,0.908901,-0.632706,-1.000643,0.275181,-3.756906,2.133878,1.035013,0.000000,0.000000,0.000000
1.933333,58,-4.118663,-6.142365,0.765711,-2.781126,-7.818240,1.001099,0.604536,-1.974911,0.212717,2.550334,-3.183458,0.924846,-0.643806,-1.018199,0.280009,-3.822817,2.171315,1.053171,0.000000,0.000000,0.000000
1.966667,59,-4.189674,-6.248268,0.778913,-2.829076,-7.953037,1.018359,0.614959,-2.008962,0.216385,2.594306,-3.238345,0.940792,-0.654906,-1.035754,0.284837,-3.888727,2.208751,1.071329,0.000000,0.000000,0.000000
2.000000,60,-4.260685,-6.354171,0.792115,-2.877027,-8.087834,1.035620,0.625382,-2.043012,0.220052,2.638277,-3.293232,0.956737,-0.666006,-1.053309,0.289664,-3.954638,2.246188,1.089487,0.000000,0.000000,0.000000
2.033333,61,-4.331697,-6.460074,0.805317,-2.924977,-8.222631,1.052880,0.635805,-2.077062,0.223720,2.682248,-3.348119,0.972683,-0.677106,-1.070864,0.294492,-4.020549,2.283624,1.107646,0.000000,0.000000,0.000000
2.066667,62,-4.402708,-6.565977,0.818519,-2.972928,-8.357429,1.070140,0.646228,-2.111112,0.227387,2.726220,-3.403006,0.988629,-0.688206,-1.088419,0.299320,-4.086459,2.321060,1.125804,0.000000,0.000000,0.000000
2.100000,63,-4.473720,-6.671880,0.831721,-3.020878,-8.492226,1.087401,0.656651,-2.145162,0.231055,2.770191,-3.457894,1.004574,-0.699306,-1.105974,0.304148,-4.152370,2.358497,1.143962,0.000000,0.000000,0.000000
2.133333,64,-4.544731,-6.777783,0.844923,-3.068829,-8.627023,1.104661,0.667074,-2.179213,0.234722,2.814162,-3.512781,1.020520,-0.710406,-1.123529,0.308975,-4.218281,2.395933,1.162120,0.000000,0.000000,0.000000
2.166667,65,-4.615743,-6.883685,0.858125,-3.116779,-8.761820,1.121921,0.677497,-2.213263,0.238390,2.858133,-3.567668,1.036466,-0.721506,-1.141085,0.313803,-4.284191,2.433370,1.180278,0.000000,0.000000,0.000000
2.200000,66,-4.686754,-6.989588,0.871327,-3.164730,-8.896617,1.139182,0.687920,-2.247313,0.242057,2.902105,-3.622555,1.052411,-0.732606,-1.158640,0.318631,-4.350102,2.470806,1.198436,0.000000,0.000000,0.000000
2.233333,67,-4.757765,-7.095491,0.884528,-3.212680,-9.031415,1.156442,0.698344,-2.281363,0.245725,2.946076,-3.677442,1.068357,-0.743707,-1.176195,0.323459,-4.416012,2.508243,1.216594,0.000000,0.000000,0.000000
2.266667,68,-4.828777,-7.201394,0.897730,-3.260630,-9.166212,1.173702,0.708767,-2.315413,0.249392,2.990047,-3.732330,1.084302,-0.754807,-1.193750,0.328286,-4.481923,2.545679,1.234752,0.000000,0.000000,0.000000
2.300000,69,-4.899788,-7.307297,0.910932,-3.308581,-9.301009,1.190963,0.719190,-2.349464,0.253060,3.034019,-3.787217,1.100248,-0.765907,-1.211305,0.333114,-4.547834,2.583116,1.252910,0.000000,0.000000,0.000000
2.333333,70,-4.970800,-7.413200,0.924134,-3.356531,-9.435806,1.208223,0.729613,-2.383514,0.256727,3.077990,-3.842104,1.116194,-0.777007,-1.228860,0.337942,-4.613744,2.620552,1.271069,0.000000,0.000000,0.000000
2.366667,71,-5.041811,-7.519103,0.937336,-3.404482,-9.570604,1.225483,0.740036,-2.417564,0.260395,3.121961,-3.896991,1.132139,-0.788107,-1.246415,0.342770,-4.679655,2.657989,1.289227,0.000000,0.000000,0.000000
2.400000,72,-5.112822,-7.625005,0.950538,-3.452432,-9.705401,1.242744,0.750459,-2.451614,0.264063,3.165932,-3.951878,1.148085,-0.799207,-1.263971,0.347597,-4.745566,2.695425,1.307385,0.000000,0.000000,0.000000
2.433333,73,-5.183834,-7.730908,0.963740,-3.500383,-9.840198,1.260004,0.760882,-2.485664,0.267730,3.209904,-4.006766,1.164031,-0.810307,-1.281526,0.352425,-4.811476,2.732861,1.325543,0.000000,0.000000,0.000000
2.466667,74,-5.254845,-7.836811,0.976942,-3.548333,-9.974995,1.277264,0.771305,-2.519715,0.271398,3.253875,-4.061653,1.179976,-0.821407,-1.299081,0.357253,-4.877387,2.770298,1.343701,0.000000,0.000000,0.000000
2.500000,75,-5.325857,-7.942714,0.990144,-3.596284,-10.109793,1.294525,0.781728,-2.553765,0.275065,3.297846,-4.116540,1.195922,-0.832507,-1.316636,0.362081,-4.943297,2.807734,1.361859,0.000000,0.000000,0.000000
2.533333,76,-5.325857,-7.942714,0.990144,-3.596284,-10.109793,1.294525,0.781728,-2.553765,0.275065,3.297846,-4.116540,1.195922,-0.832507,-1.316636,0.362081,-4.943297,2.807734,1.361859,0.000000,0.000000,0.000000
2.566667,77,-5.325857,-7.942714,0.990144,-3.596284,-10.109793,1.294525,0.781728,-2.553765,0.275065,3.297846,-4.116540,1.195922,-0.832507,-1.316636,0.362081,-4.943297,2.807734,1.361859,0.000000,0.000000,0.000000
2.600000,78,-5.325857,-7.942714,0.990144,-3.596284,-10.109793,1.294525,0.781728,-2.553765,0.275065,3.297846,-4.116540,1.195922,-0.832507,-1.316636,0.362081,-4.943297,2.807734,1.361859,0.000000,0.000000,0.000000
2.633333,79,-5.325857,-7.942714,0.990144,-3.596284,-10.109793,1.294525,0.781728,-2.553765,0.275065,3.297846,-4.116540,1.195922,-0.832507,-1.316636,0.362081,-4.943297,2.807734,1.361859,0.000000,0.000000,0.000000
2.666667,80,-5.325857,-7.942714,0.990144,-3.596284,-10.109793,1.294525,0.781728,-2.553765,0.275065,3.297846,-4.116540,1.195922,-0.832507,-1.316636,0.362081,-4.943297,2.807734,1.361859,0.000000,0.000000,0.000000
2.700000,81,-5.325857,-7.942714,0.990144,-3.596284,-10.109793,1.294525,0.781728,-2.553765,0.275065,3.297846,-4.116540,1.195922,-0.832507,-1.316636,0.362081,-4.943297,2.807734,1.361859,0.000000,0.000000,0.000000
2.733333,82,-5.325857,-7.942714,0.990144,-3.596284,-10.109793,1.294525,0.781728,-2.553765,0.275065,3.297846,-4.116540,1.195922,-0.832507,-1.316636,0.362081,-4.943297,2.807734,1.361859,0.000000,0.000000,0.000000
2.766667,83,-5.325857,-7.942714,0.990144,-3.596284,-10.109793,1.294525,0.781728,-2.553765,0.275065,3.297846,-4.116540,1.195922,-0.832507,-1.316636,0.362081,-4.943297,2.807734,1.361859,0.000000,0.000000,0.000000
2.800000,84,-5.325857,-7.942714,0.990144,-3.596284,-10.109793,1.294525,0.781728,-2.553765,0.275065,3.297846,-4.116540,1.195922,-0.832507,-1.316636,0.362081,-4.943297,2.807734,1.361859,0.000000,0.000000,0.000000
2.833333,85,-5.325857,-7.942714,0.990144,-3.596284,-10.109793,1.294525,0.781728,-2.553765,0.275065,3.297846,-4.116540,1.195922,-0.832507,-1.316636,0.362081,-4.943297,2.807734,1.361859,0.000000,0.000000,0.000000
2.866667,86,-5.325857,-7.942714,0.990144,-3.596284,-10.109793,1.294525,0.781728,-2.553765,0.275065,3.297846,-4.116540,1.195922,-0.832507,-1.316636,0.362081,-4.943297,2.807734,1.361859,0.000000,0.000000,0.000000
2.900000,87,-5.325857,-7.942714,0.990144,-3.596284,-10.109793,1.294525,0.781728,-2.553765,0.275065,3.297846,-4.116540,1.195922,-0.832507,-1.316636,0.362081,-4.943297,2.807734,1.361859,0.000000,0.000000,0.000000
2.933333,88,-5.325857,-7.942714,0.990144,-3.596284,-10.109793,1.294525,0.781728,-2.553765,0.275065,3.297846,-4.116540,1.195922,-0.832507,-1.316636,0.362081,-4.943297,2.807734,1.361859,0.000000,0.000000,0.000000
2.966667,89,-5.325857,-7.942714,0.990144,-3.596284,-10.109793,1.294525,0.781728,-2.553765,0.275065,3.297846,-4.116540,1.195922,-0.832507,-1.316636,0.362081,-4.943297,2.807734,1.361859,0.000000,0.000000,0.000000
3.000000,90,-5.325857,-7.942714,0.990144,-3.596284,-10.109793,1.294525,0.781728,-2.553765,0.275065,3.297846,-4.116540,1.195922,-0.832507,-1.316636,0.362081,-4.943297,2.807734,1.361859,0.000000,0.000000,0.000000
3.033333,91,-5.325857,-7.942714,0.990144,-3.596284,-10.109793,1.294525,0.781728,-2.553765,0.275065,3.297846,-4.116540,1.195922,-0.832507,-1.316636,0.362081,-4.943297,2.807734,1.361859,0.000000,0.000000,0.000000
3.066667,92,-5.325857,-7.942714,0.990144,-3.596284,-10.109793,1.294525,0.781728,-2.553765,0.275065,3.297846,-4.116540,1.195922,-0.832507,-1.316636,0.362081,-4.943297,2.807734,1.361859,0.000000,0.000000,0.000000
3.100000,93,-5.325857,-7.942714,0.990144,-3.596284,-10.109793,1.294525,0.781728,-2.553765,0.275065,3.297846,-4.116540,1.195922,-0.832507,-1.316636,0.362081,-4.943297,2.807734,1.361859,0.000000,0.000000,0.000000
3.133333,94,-5.325857,-7.942714,0.990144,-3.596284,-10.109793,1.294525,0.781728,-2.553765,0.275065,3.297846,-4.116540,1.195922,-0.832507,-1.316636,0.362081,-4.943297,2.807734,1.361859,0.000000,0.000000,0.000000
3.166667,95,-5.325857,-7.942714,0.990144,-3.596284,-10.109793,1.294525,0.781728,-2.553765,0.275065,3.297846,-4.116540,1.195922,-0.832507,-1.316636,0.362081,-4.943297,2.807734,1.361859,0.000000,0.000000,0.000000
3.200000,96,-5.325857,-7.942714,0.990144,-3.596284,-10.109793,1.294525,0.781728,-2.553765,0.275065,3.297846,-4.116540,1.195922,-0.832507,-1.316636,0.362081,-4.943297,2.807734,1.361859,0.000000,0.000000,0.000000
3.233333,97,-5.325857,-7.942714,0.990144,-3.596284,-10.109793,1.294525,0.781728,-2.553765,0.275065,3.297846,-4.116540,1.195922,-0.832507,-1.316636,0.362081,-4.943297,2.807734,1.361859,0.000000,0.000000,0.000000
3.266667,98,-5.325857,-7.942714,0.990144,-3.596284,-10.109793,1.294525,0.781728,-2.553765,0.275065,3.297846,-4.116540,1.195922,-0.832507,-1.316636,0.362081,-4.943297,2.807734,1.361859,0.000000,0.000000,0.000000
3.300000,99,-5.325857,-7.942714,0.990144,-3.596284,-10.109793,1.294525,0.781728,-2.553765,0.275065,3.297846,-4.116540,1.195922,-0.832507,-1.316636,0.362081,-4.943297,2.807734,1.361859,0.000000,0.000000,0.000000
3.333333,100,-5.325857,-7.942714,0.990144,-3.596284,-10.109793,1.294525,0.781728,-2.553765,0.275065,3.297846,-4.116540,1.195922,-0.832507,-1.316636,0.362081,-4.943297,2.807734,1.361859,0.000000,0.000000,0.000000
3.366667,101,-5.325857,-7.942714,0.990144,-3.596284,-10.109793,1.294525,0.781728,-2.553765,0.275065,3.297846,-4.116540,1.195922,-0.832507,-1.316636,0.362081,-4.943297,2.807734,1.361859,0.000000,0.000000,0.000000
3.400000,102,-5.325857,-7.942714,0.990144,-3.596284,-10.109793,1.294525,0.781728,-2.553765,0.275065,3.297846,-4.116540,1.195922,-0.832507,-1.316636,0.362081,-4.943297,2.807734,1.361859,0.000000,0.000000,0.000000
3.433333,103,-5.325857,-7.942714,0.990144,-3.596284,-10.109793,1.294525,0.781728,-2.553765,0.275065,3.297846,-4.116540,1.195922,-0.832507,-1.316636,0.362081,-4.943297,2.807734,1.361859,0.000000,0.000000,0.000000
3.466667,104,-5.325857,-7.942714,0.990144,-3.596284,-10.109793,1.294525,0.781728,-2.553765,0.275065,3.297846,-4.116540,1.195922,-0.832507,-1.316636,0.362081,-4.943297,2.807734,1.361859,0.000000,0.000000,0.000000
3.500000,105,-5.325857,-7.942714,0.990144,-3.596284,-10.109793,1.294525,0.781728,-2.553765,0.275065,3.297846,-4.116540,1.195922,-0.832507,-1.316636,0.362081,-4.943297,2.807734,1.361859,0.000000,0.000000,0.000000
3.533333,106,-5.325857,-7.942714,0.990144,-3.596284,-10.109793,1.294525,0.781728,-2.553765,0.275065,3.297846,-4.116540,1.195922,-0.832507,-1.316636,0.362081,-4.943297,2.807734,1.361859,0.000000,0.000000,0.000000
3.566667,107,-5.325857,-7.942714,0.990144,-3.596284,-10.109793,1.294525,0.781728,-2.553765,0.275065,3.297846,-4.116540,1.195922,-0.832507,-1.316636,0.362081,-4.943297,2.807734,1.361859,0.000000,0.000000,0.000000
3.600000,108,-5.325857,-7.942714,0.990144,-3.596284,-10.109793,1.294525,0.781728,-2.553765,0.275065,3.297846,-4.116540,1.195922,-0.832507,-1.316636,0.362081,-4.943297,2.807734,1.361859,0.000000,0.000000,0.000000
3.633333,109,-5.325857,-7.942714,0.990144,-3.596284,-10.109793,1.294525,0.781728,-2.553765,0.275065,3.297846,-4.116540,1.195922,-0.832507,-1.316636,0.362081,-4.943297,2.807734,1.361859,0.000000,0.000000,0.000000
3.666667,110,-5.325857,-7.942714,0.990144,-3.596284,-10.109793,1.294525,0.781728,-2.553765,0.275065,3.297846,-4.116540,1.195922,-0.832507,-1.316636,0.362081,-4.943297,2.807734,1.361859,0.000000,0.000000,0.000000
3.700000,111,-5.325857,-7.942714,0.990144,-3.596284,-10.109793,1.294525,0.781728,-2.553765,0.275065,3.297846,-4.116540,1.195922,-0.832507,-1.316636,0.362081,-4.943297,2.807734,1.361859,0.000000,0.000000,0.000000
3.733333,112,-5.325857,-7.942714,0.990144,-3.596284,-10.109793,1.294525,0.781728,-2.553765,0.275065,3.297846,-4.116540,1.195922,-0.832507,-1.316636,0.362081,-4.943297,2.807734,1.361859,0.000000,0.000000,0.000000
3.766667,113,-5.325857,-7.942714,0.990144,-3.596284,-10.109793,1.294525,0.781728,-2.553765,0.275065,3.297846,-4.116540,1.195922,-0.832507,-1.316636,0.362081,-4.943297,2.807734,1.361859,0.000000,0.000000,0.000000
3.800000,114,-5.325857,-7.942714,0.990144,-3.596284,-10.109793,1.294525,0.781728,-2.553765,0.275065,3.297846,-4.116540,1.195922,-0.832507,-1.316636,0.362081,-4.943297,2.807734,1.361859,0.000000,0.000000,0.000000
3.833333,115,-5.325857,-7.942714,0.990144,-3.596284,-10.109793,1.294525,0.781728,-2.553765,0.275065,3.297846,-4.116540,1.195922,-0.832507,-1.316636,0.362081,-4.943297,2.807734,1.361859,0.000000,0.000000,0.000000
3.866667,116,-5.325857,-7.942714,0.990144,-3.596284,-10.109793,1.294525,0.781728,-2.553765,0.275065,3.297846,-4.116540,1.195922,-0.832507,-1.316636,0.362081,-4.943297,2.807734,1.361859,0.000000,0.000000,0.000000
3.900000,117,-5.325857,-7.942714,0.990144,-3.596284,-10.109793,1.294525,0.781728,-2.553765,0.275065,3.297846,-4.116540,1.195922,-0.832507,-1.316636,0.362081,-4.943297,2.807734,1.361859,0.000000,0.000000,0.000000
3.933333,118,-5.325857,-7.942714,0.990144,-3.596284,-10.109793,1.294525,0.781728,-2.553765,0.275065,3.297846,-4.116540,1.195922,-0.832507,-1.316636,0.362081,-4.943297,2.807734,1.361859,0.000000,0.000000,0.000000
3.966667,119,-5.325857,-7.942714,0.990144,-3.596284,-10.109793,1.294525,0.781728,-2.553765,0.275065,3.297846,-4.116540,1.195922,-0.832507,-1.316636,0.362081,-4.943297,2.807734,1.361859,0.000000,0.000000,0.000000
4.000000,120,-5.325857,-7.942714,0.990144,-3.596284,-10.109793,1.294525,0.781728,-2.553765,0.275065,3.297846,-4.116540,1.195922,-0.832507,-1.316636,0.362081,-4.943297,2.807734,1.361859,0.000000,0.000000,0.000000
4.033333,121,-5.325857,-7.942714,0.990144,-3.596284,-10.109793,1.294525,0.781728,-2.553765,0.275065,3.297846,-4.116540,1.195922,-0.832507,-1.316636,0.362081,-4.943297,2.807734,1.361859,0.000000,0.000000,0.000000
4.066667,122,-5.325857,-7.942714,0.990144,-3.596284,-10.109793,1.294525,0.781728,-2.553765,0.275065,3.297846,-4.116540,1.195922,-0.832507,-1.316636,0.362081,-4.943297,2.807734,1.361859,0.000000,0.000000,0.000000
4.100000,123,-5.325857,-7.942714,0.990144,-3.596284,-10.109793,1.294525,0.781728,-2.553765,0.275065,3.297846,-4.116540,1.195922,-0.832507,-1.316636,0.362081,-4.943297,2.807734,1.361859,0.000000,0.000000,0.000000
4.133333,124,-5.325857,-7.942714,0.990144,-3.596284,-10.109793,1.294525,0.781728,-2.553765,0.275065,3.297846,-4.116540,1.195922,-0.832507,-1.316636,0.362081,-4.943297,2.807734,1.361859,0.000000,0.000000,0.000000
4.166667,125,-5.325857,-7.942714,0.990144,-3.596284,-10.109793,1.294525,0.781728,-2.553765,0.275065,3.297846,-4.116540,1.195922,-0.832507,-1.316636,0.362081,-4.943297,2.807734,1.361859,0.000000,0.000000,0.000000
4.200000,126,-5.325857,-7.942714,0.990144,-3.596284,-10.109793,1.294525,0.781728,-2.553765,0.275065,3.297846,-4.116540,1.195922,-0.832507,-1.316636,0.362081,-4.943297,2.807734,1.361859,0.000000,0.000000,0.000000
4.233333,127,-5.325857,-7.942714,0.990144,-3.596284,-10.109793,1.294525,0.781728,-2.553765,0.275065,3.297846,-4.116540,1.195922,-0.832507,-1.316636,0.362081,-4.943297,2.807734,1.361859,0.000000,0.000000,0.000000
4.266667,128,-5.325857,-7.942714,0.990144,-3.596284,-10.109793,1.294525,0.781728,-2.553765,0.275065,3.297846,-4.116540,1.195922,-0.832507,-1.316636,0.362081,-4.943297,2.807734,1.361859,0.000000,0.000000,0.000000
4.300000,129,-5.325857,-7.942714,0.990144,-3.596284,-10.109793,1.294525,0.781728,-2.553765,0.275065,3.297846,-4.116540,1.195922,-0.832507,-1.316636,0.362081,-4.943297,2.807734,1.361859,0.000000,0.000000,0.000000
4.333333,130,-5.325857,-7.942714,0.990144,-3.596284,-10.109793,1.294525,0.781728,-2.553765,0.275065,3.297846,-4.116540,1.195922,-0.832507,-1.316636,0.362081,-4.943297,2.807734,1.361859,0.000000,0.000000,0.000000
4.366667,131,-5.325857,-7.942714,0.990144,-3.596284,-10.109793,1.294525,0.781728,-2.553765,0.275065,3.297846,-4.116540,1.195922,-0.832507,-1.316636,0.362081,-4.943297,2.807734,1.361859,0.000000,0.000000,0.000000
4.400000,132,-5.325857,-7.942714,0.990144,-3.596284,-10.109793,1.294525,0.781728,-2.553765,0.275065,3.297846,-4.116540,1.195922,-0.832507,-1.316636,0.362081,-4.943297,2.807734,1.361859,0.000000,0.000000,0.000000
4.433333,133,-5.325857,-7.942714,0.990144,-3.596284,-10.109793,1.294525,0.781728,-2.553765,0.275065,3.297846,-4.116540,1.195922,-0.832507,-1.316636,0.362081,-4.943297,2.807734,1.361859,0.000000,0.000000,0.000000
4.466667,134,-5.325857,-7.942714,0.990144,-3.596284,-10.109793,1.294525,0.781728,-2.553765,0.275065,3.297846,-4.116540,1.195922,-0.832507,-1.316636,0.362081,-4.943297,2.807734,1.361859,0.000000,0.000000,0.000000
4.500000,135,-5.325857,-7.942714,0.990144,-3.596284,-10.109793,1.294525,0.781728,-2.553765,0.275065,3.297846,-4.116540,1.195922,-0.832507,-1.316636,0.362081,-4.943297,2.807734,1.361859,0.000000,0.000000,0.000000
4.533333,136,-5.325857,-7.942714,0.990144,-3.596284,-10.109793,1.294525,0.781728,-2.553765,0.275065,3.297846,-4.116540,1.195922,-0.832507,-1.316636,0.362081,-4.943297,2.807734,1.361859,0.000000,0.000000,0.000000
4.566667,137,-5.325857,-7.942714,0.990144,-3.596284,-10.109793,1.294525,0.781728,-2.553765,0.275065,3.297846,-4.116540,1.195922,-0.832507,-1.316636,0.362081,-4.943297,2.807734,1.361859,0.000000,0.000000,0.000000
4.600000,138,-5.325857,-7.942714,0.990144,-3.596284,-10.109793,1.294525,0.781728,-2.553765,0.275065,3.297846,-4.116540,1.195922,-0.832507,-1.316636,0.362081,-4.943297,2.807734,1.361859,0.000000,0.000000,0.000000
4.633333,139,-5.325857,-7.942714,0.990144,-3.596284,-10.109793,1.294525,0.781728,-2.553765,0.275065,3.297846,-4.116540,1.195922,-0.832507,-1.316636,0.362081,-4.943297,2.807734,1.361859,0.000000,0.000000,0.000000
4.666667,140,-5.325857,-7.942714,0.990144,-3.596284,-10.109793,1.294525,0.781728,-2.553765,0.275065,3.297846,-4.116540,1.195922,-0.832507,-1.316636,0.362081,-4.943297,2.807734,1.361859,0.000000,0.000000,0.000000
4.700000,141,-5.325857,-7.942714,0.990144,-3.596284,-10.109793,1.294525,0.781728,-2.553765,0.275065,3.297846,-4.116540,1.195922,-0.832507,-1.316636,0.362081,-4.943297,2.807734,1.361859,0.000000,0.000000,0.000000
4.733333,142,-5.325857,-7.942714,0.990144,-3.596284,-10.109793,1.294525,0.781728,-2.553765,0.275065,3.297846,-4.116540,1.195922,-0.832507,-1.316636,0.362081,-4.943297,2.807734,1.361859,0.000000,0.000000,0.000000
4.766667,143,-5.325857,-7.942714,0.990144,-3.596284,-10.109793,1.294525,0.781728,-2.553765,0.275065,3.297846,-4.116540,1.195922,-0.832507,-1.316636,0.362081,-4.943297,2.807734,1.361859,0.000000,0.000000,0.000000
4.800000,144,-5.325857,-7.942714,0.990144,-3.596284,-10.109793,1.294525,0.781728,-2.553765,0.275065,3.297846,-4.116540,1.195922,-0.832507,-1.316636,0.362081,-4.943297,2.807734,1.361859,0.000000,0.000000,0.000000
4.833333,145,-5.325857,-7.942714,0.990144,-3.596284,-10.109793,1.294525,0.781728,-2.553765,0.275065,3.297846,-4.116540,1.195922,-0.832507,-1.316636,0.362081,-4.943297,2.807734,1.361859,0.000000,0.000000,0.000000
4.866667,146,-5.325857,-7.942714,0.990144,-3.596284,-10.109793,1.294525,0.781728,-2.553765,0.275065,3.297846,-4.116540,1.195922,-0.832507,-1.316636,0.362081,-4.943297,2.807734,1.361859,0.000000,0.000000,0.000000
4.900000,147,-5.325857,-7.942714,0.990144,-3.596284,-10.109793,1.294525,0.781728,-2.553765,0.275065,3.297846,-4.116540,1.195922,-0.832507,-1.316636,0.362081,-4.943297,2.807734,1.361859,0.000000,0.000000,0.000000
4.933333,148,-5.325857,-7.942714,0.990144,-3.596284,-10.109793,1.294525,0.781728,-2.553765,0.275065,3.297846,-4.116540,1.195922,-0.832507,-1.316636,0.362081,-4.943297,2.807734,1.361859,0.000000,0.000000,0.000000
4.966667,149,-5.325857,-7.942714,0.990144,-3.596284,-10.109793,1.294525,0.781728,-2.553765,0.275065,3.297846,-4.116540,1.195922,-0.832507,-1.316636,0.362081,-4.943297,2.807734,1.361859,0.000000,0.000000,0.000000
5.000000,150,-5.325857,-7.942714,0.990144,-3.596284,-10.109793,1.294525,0.781728,-2.553765,0.275065,3.297846,-4.116540,1.195922,-0.832507,-1.316636,0.362081,-4.943297,2.807734,1.361859,0.000000,0.000000,0.000000
